Image Source,Primary Color,Button Color
//cdn.fcglcdn.com/brainbees/images/n/fc_logo.png,,
//cdn.fcglcdn.com/brainbees/images/n/fc-logo-brandNew.png,,
//cdn.fcglcdn.com/brainbees/images/m/loader_m.gif,,
//cdn.fcglcdn.com/brainbees/images/m/loader_m.gif,,
//cdn.fcglcdn.com/brainbees/images/n/club_logo.png,,
//cdn.fcglcdn.com/brainbees/banners/FC-menu-carters-logo.webp,,
//cdn.fcglcdn.com/brainbees/images/products/219x265/10064114a.webp,,
//cdn.fcglcdn.com/brainbees/images/tg_coupons_inside.png,,
//cdn.fcglcdn.com/brainbees/images/products/219x265/10127430a.webp,,
//cdn.fcglcdn.com/brainbees/images/products/219x265/10305360a.webp,,
//cdn.fcglcdn.com/brainbees/images/tg_coupons_inside.png,,
//cdn.fcglcdn.com/brainbees/images/products/219x265/10690532a.webp,,
//cdn.fcglcdn.com/brainbees/images/tg_coupons_inside.png,,
//cdn.fcglcdn.com/brainbees/images/products/219x265/11129148a.webp,,
//cdn.fcglcdn.com/brainbees/images/products/219x265/11245565a.webp,,
//cdn.fcglcdn.com/brainbees/images/products/219x265/11392549a.webp,,
//cdn.fcglcdn.com/brainbees/images/tg_coupons_inside.png,,
//cdn.fcglcdn.com/brainbees/images/products/219x265/13900238a.webp,,
//cdn.fcglcdn.com/brainbees/images/products/219x265/14252620a.webp,,
//cdn.fcglcdn.com/brainbees/images/products/219x265/14632282a.webp,,
//cdn.fcglcdn.com/brainbees/images/products/219x265/15437725a.webp,,
//cdn.fcglcdn.com/brainbees/images/products/219x265/15779201a.webp,,
//cdn.fcglcdn.com/brainbees/images/products/219x265/15954103a.webp,,
//cdn.fcglcdn.com/brainbees/images/products/219x265/2464834a.webp,,
//cdn.fcglcdn.com/brainbees/images/tg_coupons_inside.png,,
//cdn.fcglcdn.com/brainbees/images/products/219x265/8588847a.webp,,
//cdn.fcglcdn.com/brainbees/images/products/219x265/9597684a.webp,,
//cdn.fcglcdn.com/brainbees/images/products/219x265/9944861a.webp,,
//cdn.fcglcdn.com/brainbees/images/products/219x265/9945441a.webp,,
//cdn.fcglcdn.com/brainbees/images/products/219x265/11125244a.webp,,
//cdn.fcglcdn.com/brainbees/images/tg_most_gifted.png,,
//cdn.fcglcdn.com/brainbees/images/products/219x265/11388619a.webp,,
//cdn.fcglcdn.com/brainbees/images/tick-fc-png.png,,
//cdn.fcglcdn.com/brainbees/images/tick-fc-png.png,,
//cdn.fcglcdn.com/brainbees/images/n/ajax-loader.gif,,
//cdn.fcglcdn.com/brainbees/images/fcintellitots_franchise_footer_banner.webp,,
//cdn.fcglcdn.com/brainbees/images/n/ic_to_arrow.png,,
//cdn.fcglcdn.com/brainbees/images/LodingCart.gif,,
//cdn.fcglcdn.com/brainbees/images/newcpncode_img.png,,
//cdn.fcglcdn.com/brainbees/images/cpncode_invalid.gif,,
//cdn.fcglcdn.com/brainbees/images/cpncode_expird.gif,,
